[{
    "id": "1",
    "name":"Document",
    "fileimage": "file9.png"
},
{
    "id": "2",
    "name":"PDF Document",
    "fileimage": "file1.png"
},
{
    "id": "3",
    "name":"XML Document",
    "fileimage": "file2.png"
},
{
    "id": "4",
    "name":"SEFAS",
    "fileimage": "file3.png"
},
{
    "id": "5",
    "name":"Smart Communication",
    "fileimage": "file5.png"
},
{
    "id": "6",
    "name":"Message Point",
    "fileimage": "file4.png"
},
{
    "id": "7",
    "name":"Quadient",
    "fileimage": "file8.png"
},
{
    "id": "8",
    "name":"Precisely",
    "fileimage": "file7.png"
},
{
    "id": "9",
    "name":"Papyrus",
    "fileimage": "file6.png" 
}

]