[{
        "id": "1",
        "code": "f230fh0g3",
        "name": "XML",
        "description": "XML",
        "image": "xml.png",
        "imageW": "xml.png",
        "ext": "xml",
        "count": 5
    },
    {
        "id": "2",
        "code": "f230fh0g3",
        "name": "PDF",
        "description": "Portable Document Format",
        "image": "pdf.png",
        "imageW": "pdf.png",
        "ext": "pdf",
        "count": 7
    },
    {
        "id": "3",
        "code": "f230fh0g3",
        "name": "DOCX",
        "description": "Microsoft Word Document (docx) ",
        "image": "docx.png",
        "imageW": "docx.png",
        "ext": "docx",
        "count": 15
    },
    {
        "id": "4",
        "code": "f230fh0g3",
        "name": "DOC",
        "description": "Microsoft Word Document (doc) ",
        "image": "doc.png",
        "imageW": "doc.png",
        "ext": "doc",
        "count": 1
    },
    {
        "id": "5",
        "code": "f230fh0g3",
        "name": "SEFAS",
        "description": "SEFAS A DOCAPOSITE COMPANY",
        "image": "sefas.png",
        "imageW": "sefas-w.png",
        "ext": "sef",
        "count": 1
    },
    {
        "id": "6",
        "code": "f230fh0g3",
        "name": "SMART Communications",
        "description": "SMART Communications",
        "image": "smart.png",
        "imageW": "smart-w.png",
        "ext": "sam",
        "count": 10
    },
    {
        "id": "7",
        "code": "f230fh0g3",
        "name": "Opentext",
        "description": "Opentext",
        "image": "opentext.png",
        "imageW": "opentext-w.png",
        "ext": "otxt",
        "count": 1
    },
    {
        "id": "8",
        "code": "f230fh0g3",
        "name": "Precisely",
        "description": "Precisely",
        "image": "precisely.png",
        "imageW": "precisely-w.png",
        "ext": "pre",
        "count": 3
    },
    {
        "id": "9",
        "code": "f230fh0g3",
        "name": "Quadient",
        "description": "Quanient",
        "image": "quadient.png",
        "imageW": "quadient-w.png",
        "ext": "qua"
    },
    {
        "id": "10",
        "code": "f230fh0g3",
        "name": "MessagePoint",
        "description": "Message Point",
        "image": "messagepoint.png",
        "imageW": "messagepoint-w.png",
        "ext": "mp",
        "count": 8
    },
    {
        "id": "11",
        "code": "f230fh0g3",
        "name": "Papyrus",
        "description": "papyrus Software",
        "image": "papyrus.png",
        "imageW": "papyrus-w.png",
        "ext": "pap",
        "count": 18
    }
]