{
    "token": "Bearer eyJhbGciOiJIUzI1NiIsInR5cCI6IkpXVCJ9.eyJ1c2VyX2lkIjoyNDIsImlhdCI6MTY4NzgwMDM4NywiZXhwIjoxNzg3ODAwMzg3fQ.8sDegh4OTeH7wr9uB66y_n7pD8jteyyRuQVyGqLKolA",
    "user": {
        "id": 242,
        "ecn": "3882",
        "firstName": "EUniCA",
        "lastName": " ",
        "fatherName": null,
        "dob": null,
        "email": "eunica@espire.com",
        "is_email_verified": "True",
        "phone": "8210019197",
        "is_phone_verified": "True",
        "password": "$2b$10$STR.SYuwTJhkqA4I4QfDLusNSMHdQwMLfjfdwN/X4mMc1EC8W7ZkG",
        "status": 1,
        "last_login_timestamp": null,
        "type": "USER",
        "photo": null,
        "designationId": 17,
        "businessUnitId": 3,
        "superiorId": 379,
        "doj": "29/01/2021",
        "device_id": null,
        "platform": null,
        "app_version": null,
        "createdBy": 0,
        "updatedBy": 0,
        "createdAt": "2023-05-04T11:40:43.084Z",
        "updatedAt": "2023-05-04T11:40:43.084Z",
        "Designation": {
            "title": "Lead engineer"
        },
        "UserRoles": [{
            "role_id": 55,
            "Role": {
                "role_name": "Employee",
                "description": "employee",
                "RolePermissions": []
            }
        }],
        "superior": {
            "firstName": "deebendu",
            "lastName": "kumar ",
            "Designation": {
                "title": "Senior Project Manager"
            }
        }
    },
    "success": true
}