[
    {
        "id": "1",
        "name": "pipeline-img",
        "sourceimage": "file1.png",
        "targetimage": "file2.png"
    },
    {
        "id": "2",
        "name": "pipeline-img",
        "sourceimage": "file2.png",
        "targetimage": "file3.png"
    },
    {
        "id": "3",
        "name": "pipeline-img",
        "sourceimage": "file3.png",
        "targetimage": "file4.png"
    },
    {
        "id": "4",
        "name": "pipeline-img",
        "sourceimage": "file5.png",
        "targetimage": "file6.png"
    },
    {
        "id": "5",
        "name": "pipeline-img",
        "sourceimage": "file7.png",
        "targetimage": "file8.png"
    },
    {
        "id": "6",
        "name": "pipeline-img",
        "sourceimage": "file6.png",
        "targetimage": "file7.png"
    },
    {
        "id": "7",
        "name": "pipeline-img",
        "sourceimage": "file4.png",
        "targetimage": "file5.png"
    },
    {
        "id": "8",
        "name": "pipeline-img",
        "sourceimage": "file8.png",
        "targetimage": "file9.png"
    }
]