[{
    "id": "1",
    "code": "f230fh0g3",
    "name": "Deebendu Kumar",
    "description": "Description for Deebendu Kumar",
    "userimage": "users.png"
},
{
    "id": "2",
    "code": "f230fh0g3",
    "name": "Rahamat Hussain",
    "description": "Description for Rivanshu Jain",
    "userimage": "user2.png"
},
{
    "id": "3",
    "code": "f230fh0g3",
    "name": "Rivanshu Jain",
    "description": "Description for Rivanshu Jain",
    "userimage": "user3.png"
},
{
    "id": "4",
    "code": "f230fh0g3",
    "name": "Lavi Jain",
    "description": "Description for Lavi Jain",
    "userimage": "user4.png"
},

{
    "id": "5",
    "code": "f230fh0g3",
    "name": "Test User 5",
    "description": "Description for Test User 5",
    "userimage": "user5.png"
},
{
    "id": "6",
    "code": "f230fh0g3",
    "name": "Test User 6",
    "description": "Description for test User 6",
    "userimage": "user6.png" 
},
{
    "id": "7",
    "code": "f230fh0g3",
    "name": "Test user 7",
    "description": "Description for Test user 7",
    "userimage": "user8.png"
},
{
    "id": "8",
    "code": "f230fh0g3",
    "name": "Test user 8",
    "description": "Description for Test user 8",
    "userimage": "user3.png"
}, {
    "id": "9",
    "code": "f230fh0g3",
    "name": "Test user 9",
    "description": "Description for Test user 9",
    "userimage": "user2.png"
},
{
    "id": "10",
    "code": "f230fh0g3",
    "name": "Test user 10",
    "description": "Description for Test user 10",
    "userimage": "users.png"
}


]