[{
    "counter":0,
    "id":1,
    "source":"PDF",
    "target":"WORD",
    "isConverted":false
},
{
    "counter":0,
    "id":2,
    "source":"WORD",
    "target":"TXT",
    "isConverted":false
},
{
    "counter":0,
    "id":3,
    "source":"PDF",
    "target":"TXT",
    "isConverted":false
},
{
    "counter":0,
    "id":4,
    "source":"DOCX",
    "target":"DOC",
    "isConverted":false
},
{
    "counter":0,
    "id":5,
    "source":"XLS",
    "target":"PDF",
    "isConverted":false
},
{
    "counter":0,
    "id":6,
    "source":"PDF",
    "target":"EXCEL",
    "isConverted":false
},
{
    "counter":0,
    "id":7,
    "source":"PDF",
    "target":"SEFAS",
    "isConverted":false
}
]